0.3,0,0
0.37,0,0
0.44,0,0
0.51,0,0
0.58,0,0
0.65,0,0
0.72,0,0
0.79,0,0
0.86,0,0
0.93,0,0
1,0.15,0
1,0.3,0
1,0.45,0
1,0.6,0
1,0.65,0
1,0.7,0
1,0.75,0
1,0.8,0
1,0.85,0
1,0.9,0
0.9,1,0
0.85,1,0
0.8,1,0
0.75,1,0
0.7,1,0
0.65,1,0
0.6,1,0
0.45,1,0
0.3,1,0
0.15,1,0
0,1,0.1
0,1,0.2
0,1,0.3
0,1,0.4
0,1,0.5
0,1,0.6
0,1,0.7
0,1,0.8
0,1,0.9
0,1,1
0,0.85,1
0,0.7,1
0,0.55,1
0,0.4,1
0,0.35,1
0,0.3,1
0,0.25,1
0,0.2,1
0,0.15,1
0,0.1,1
0.1,0,1
0.2,0,1
0.3,0,1
0.4,0,1
0.5,0,1
0.6,0,1
0.7,0,1
0.8,0,1
0.9,0,1
1,0,1
0.9,0,0.9
0.75,0,0.75
0.6,0,0.6
0.45,0,0.45
